generation_project,gen_dbid,gen_tech,gen_load_zone,gen_energy_source,period,Energy_GWh_typical_yr,VariableCost_per_yr,DispatchEmissions_tCO2_per_typical_yr,GenCapacity_MW,GenCapitalCosts,GenFixedOMCosts,LCOE_dollar_per_MWh,capacity_factor
C-Biomass_IGCC,C-Biomass_IGCC,Biomass_IGCC,Central,BioSolid,2020,0.0,0.0,0.0,0.0,0.0,0.0,0.0,0.0
C-Biomass_IGCC,C-Biomass_IGCC,Biomass_IGCC,Central,BioSolid,2030,0.0,0.0,0.0,0.0,0.0,0.0,0.0,0.0
C-Central_PV-1,C-Central_PV-1,Central_PV,Central,Solar,2020,3.3933186,0.0,0.0,2.0,375677.5767678882,66960.0,130.44386011024375,0.19355052991247065
C-Central_PV-1,C-Central_PV-1,Central_PV,Central,Solar,2030,6.700730399999999,0.0,0.0,2.0,375677.5767678882,66960.0,66.05828950331208,0.3822
C-Central_PV-2,C-Central_PV-2,Central_PV,Central,Solar,2020,4.6389672,0.0,0.0,3.0,541618.2635801653,100440.0,138.4054329119131,0.1764004829582011
C-Central_PV-2,C-Central_PV-2,Central_PV,Central,Solar,2030,10.5665364,0.0,0.0,3.0,541618.2635801653,100440.0,60.76352715206662,0.4018
C-Coal_IGCC,C-Coal_IGCC,Coal_IGCC,Central,Coal,2020,78.89422976032323,383880.38739859033,59911.01577231329,11.11666360077987,2535747.500862846,257221.80906028496,40.26719960347967,0.8096
C-Coal_IGCC,C-Coal_IGCC,Coal_IGCC,Central,Coal,2030,78.89444576154365,383881.43840868864,59911.17980018406,11.11666360077987,2535747.500862846,257221.80906028496,40.26721292524099,0.8096
C-Coal_ST,C-Coal_ST,Coal_ST,Central,Coal,2020,14.832031392000001,53395.31301120001,13459.17856635648,2.0,411840.16728896805,42780.0,34.251240903803506,0.846
C-Commercial_PV,C-Commercial_PV,Commercial_PV,Central,Solar,2020,0.0,0.0,0.0,0.0,0.0,0.0,0.0,0.0
C-Commercial_PV,C-Commercial_PV,Commercial_PV,Central,Solar,2030,0.0,0.0,0.0,0.0,0.0,0.0,0.0,0.0
C-NG_CC,C-NG_CC,NG_CC,Central,NaturalGas,2020,0.0,0.0,0.0,2.0,226819.89511360374,11736.6,0.0,0.0
C-NG_CC,C-NG_CC,NG_CC,Central,NaturalGas,2030,0.0,0.0,0.0,0.0,0.0,0.0,0.0,0.0
C-NG_GT,C-NG_GT,NG_GT,Central,NaturalGas,2020,0.0,0.0,0.0,2.0,125164.37766366196,9783.6,0.0,0.0
C-NG_GT,C-NG_GT,NG_GT,Central,NaturalGas,2030,0.0,0.0,0.0,0.0,0.0,0.0,0.0,0.0
C-Nuclear,C-Nuclear,Nuclear,Central,Uranium,2030,0.0,0.0,0.0,0.0,0.0,0.0,0.0,0.0
C-Residential_PV,C-Residential_PV,Residential_PV,Central,Solar,2020,0.0,0.0,0.0,0.0,0.0,0.0,0.0,0.0
C-Residential_PV,C-Residential_PV,Residential_PV,Central,Solar,2030,0.0,0.0,0.0,0.0,0.0,0.0,0.0,0.0
C-Wind-1,C-Wind-1,Wind,Central,Wind,2020,0.0,0.0,0.0,0.0,0.0,0.0,0.0,0.0
C-Wind-1,C-Wind-1,Wind,Central,Wind,2030,27.8828928,0.0,0.0,4.0,498237.2053223575,178560.0,24.272913974592765,0.7952
C-Wind-2,C-Wind-2,Wind,Central,Wind,2020,0.0,0.0,0.0,0.0,0.0,0.0,0.0,0.0
C-Wind-2,C-Wind-2,Wind,Central,Wind,2030,22.48058232,0.0,0.0,3.0,374971.48499956884,133920.0,22.636997166198675,0.8548400000000002
N-Biomass_IGCC,N-Biomass_IGCC,Biomass_IGCC,North,BioSolid,2020,0.0,0.0,0.0,0.0,0.0,0.0,0.0,0.0
N-Biomass_IGCC,N-Biomass_IGCC,Biomass_IGCC,North,BioSolid,2030,0.0,0.0,0.0,0.0,0.0,0.0,0.0,0.0
N-Biomass_IGCC_CCS,N-Biomass_IGCC_CCS,Biomass_IGCC_CCS,North,BioSolid,2030,0.0,0.0,0.0,0.0,0.0,0.0,0.0,0.0
N-Central_PV-1,N-Central_PV-1,Central_PV,North,Solar,2020,0.38643843595874855,0.0,0.0,0.2464846650050689,55503.69308917455,10315.383230462134,170.32228214137254,0.1788504896659539
N-Central_PV-1,N-Central_PV-1,Central_PV,North,Solar,2030,0.8681630616059555,0.0,0.0,0.2464846650050689,55503.69308917455,10315.383230462134,75.81439413142667,0.40179999999999993
N-Central_PV-2,N-Central_PV-2,Central_PV,North,Solar,2020,3.4792254,0.0,0.0,2.0,459874.97157293366,83700.0,156.2344801152963,0.19845054332797624
N-Central_PV-2,N-Central_PV-2,Central_PV,North,Solar,2030,6.185289599999999,0.0,0.0,2.0,459874.97157293366,83700.0,87.88213567302849,0.35279999999999995
N-Coal_IGCC,N-Coal_IGCC,Coal_IGCC,North,Coal,2020,0.0,0.0,0.0,0.0,0.0,0.0,0.0,0.0
N-Coal_IGCC,N-Coal_IGCC,Coal_IGCC,North,Coal,2030,0.0,0.0,0.0,0.0,0.0,0.0,0.0,0.0
N-Coal_IGCC_CCS,N-Coal_IGCC_CCS,Coal_IGCC_CCS,North,Coal,2030,0.0,0.0,0.0,0.0,0.0,0.0,0.0,0.0
N-Coal_ST,N-Coal_ST,Coal_ST,North,Coal,2020,14.832031392000001,50428.9067328,12750.80074707456,2.0,411840.16728896805,42780.0,34.0512409038035,0.846
N-Coal_ST,N-Coal_ST,Coal_ST,North,Coal,2030,14.832072,50429.044799999996,12750.835656959998,2.0,411840.16728896805,42780.0,34.051250212521666,0.846
N-Commercial_PV,N-Commercial_PV,Commercial_PV,North,Solar,2020,0.0,0.0,0.0,0.0,0.0,0.0,0.0,0.0
N-Commercial_PV,N-Commercial_PV,Commercial_PV,North,Solar,2030,0.0,0.0,0.0,0.0,0.0,0.0,0.0,0.0
N-Geothermal,N-Geothermal,Geothermal,North,Geothermal,2020,8.490555608562001,244782.71819484245,0.0,1.0,458317.52960571623,0.0,82.80968645815618,0.9685807500000001
N-Geothermal,N-Geothermal,Geothermal,North,Geothermal,2030,0.0,0.0,0.0,0.0,0.0,0.0,0.0,0.0
N-NG_CC,N-NG_CC,NG_CC,North,NaturalGas,2020,0.0,0.0,0.0,2.0,226819.89511360374,11736.6,0.0,0.0
N-NG_CC,N-NG_CC,NG_CC,North,NaturalGas,2030,0.0,0.0,0.0,0.0,0.0,0.0,0.0,0.0
N-NG_CC_CCS,N-NG_CC_CCS,NG_CC_CCS,North,NaturalGas,2030,0.0,0.0,0.0,0.0,0.0,0.0,0.0,0.0
N-NG_GT,N-NG_GT,NG_GT,North,NaturalGas,2020,0.0,0.0,0.0,2.0,125164.37766366196,9783.6,0.0,0.0
N-NG_GT,N-NG_GT,NG_GT,North,NaturalGas,2030,0.0,0.0,0.0,0.0,0.0,0.0,0.0,0.0
N-Nuclear,N-Nuclear,Nuclear,North,Uranium,2030,0.0,0.0,0.0,0.0,0.0,0.0,0.0,0.0
N-Residential_PV,N-Residential_PV,Residential_PV,North,Solar,2020,0.0,0.0,0.0,0.0,0.0,0.0,0.0,0.0
N-Residential_PV,N-Residential_PV,Residential_PV,North,Solar,2030,0.0,0.0,0.0,0.0,0.0,0.0,0.0,0.0
N-Wind-1,N-Wind-1,Wind,North,Wind,2020,0.0,0.0,0.0,0.0,0.0,0.0,0.0,0.0
N-Wind-1,N-Wind-1,Wind,North,Wind,2030,25.54863864940007,0.0,0.0,3.665134580211141,565024.2978911749,204514.50957578167,30.120623056102634,0.7952000000000002
N-Wind-2,N-Wind-2,Wind,North,Wind,2020,0.0,0.0,0.0,0.0,0.0,0.0,0.0,0.0
N-Wind-2,N-Wind-2,Wind,North,Wind,2030,7.58066148,0.0,0.0,1.0,154859.5875847584,55800.0,27.78915334718985,0.86478
S-Biomass_IGCC,S-Biomass_IGCC,Biomass_IGCC,South,BioSolid,2020,0.0,0.0,0.0,0.0,0.0,0.0,0.0,0.0
S-Biomass_IGCC,S-Biomass_IGCC,Biomass_IGCC,South,BioSolid,2030,0.0,0.0,0.0,0.0,0.0,0.0,0.0,0.0
S-Biomass_IGCC_CCS,S-Biomass_IGCC_CCS,Biomass_IGCC_CCS,South,BioSolid,2030,0.0,0.0,0.0,0.0,0.0,0.0,0.0,0.0
S-Central_PV-1,S-Central_PV-1,Central_PV,South,Solar,2020,0.0,0.0,0.0,0.0,0.0,0.0,0.0,0.0
S-Central_PV-1,S-Central_PV-1,Central_PV,South,Solar,2030,0.0,0.0,0.0,0.0,0.0,0.0,0.0,0.0
S-Central_PV-2,S-Central_PV-2,Central_PV,South,Solar,2020,0.0,0.0,0.0,0.0,0.0,0.0,0.0,0.0
S-Central_PV-2,S-Central_PV-2,Central_PV,South,Solar,2030,0.0,0.0,0.0,0.0,0.0,0.0,0.0,0.0
S-Commercial_PV,S-Commercial_PV,Commercial_PV,South,Solar,2020,0.0,0.0,0.0,0.0,0.0,0.0,0.0,0.0
S-Commercial_PV,S-Commercial_PV,Commercial_PV,South,Solar,2030,0.0,0.0,0.0,0.0,0.0,0.0,0.0,0.0
S-Geothermal,S-Geothermal,Geothermal,South,Geothermal,2020,25.471666825686,881217.7855014327,0.0,3.0,1367975.6355844461,0.0,88.30177610590287,0.96858075
S-Geothermal,S-Geothermal,Geothermal,South,Geothermal,2030,0.0,0.0,0.0,0.0,0.0,0.0,0.0,0.0
S-NG_CC,S-NG_CC,NG_CC,South,NaturalGas,2020,0.0,0.0,0.0,0.0,0.0,0.0,0.0,0.0
S-NG_CC,S-NG_CC,NG_CC,South,NaturalGas,2030,0.0,0.0,0.0,0.0,0.0,0.0,0.0,0.0
S-NG_CC_CCS,S-NG_CC_CCS,NG_CC_CCS,South,NaturalGas,2030,0.0,0.0,0.0,0.0,0.0,0.0,0.0,0.0
S-NG_GT,S-NG_GT,NG_GT,South,NaturalGas,2020,0.0,0.0,0.0,2.0,125164.37766366196,9783.6,0.0,0.0
S-NG_GT,S-NG_GT,NG_GT,South,NaturalGas,2030,0.0,0.0,0.0,0.0,0.0,0.0,0.0,0.0
S-Residential_PV,S-Residential_PV,Residential_PV,South,Solar,2020,0.0,0.0,0.0,0.0,0.0,0.0,0.0,0.0
S-Residential_PV,S-Residential_PV,Residential_PV,South,Solar,2030,0.0,0.0,0.0,0.0,0.0,0.0,0.0,0.0
